id,name,country,controller,terrain,coastal,lat,lon,areaKm2,population,urbanShare,incomeIndex,isCapital,neighbors,straitLinks
POL-MAZOWIECKIE,Masovian,POL,POL,plains,false,52.358,21.129,34926,5481890,0.64,1.60,true,POL-KUJAWSKO-POMORSKIE;POL-LODZKIE;POL-LUBELSKIE;POL-PODLASKIE;POL-SWIETOKRZYSKIE;POL-WARMINSKO-MAZURSKIE,
POL-SLASKIE,Silesian,POL,POL,hills,false,50.317,18.930,12234,4290175,0.76,1.00,false,POL-LODZKIE;POL-MALOPOLSKIE;POL-OPOLSKIE;POL-SWIETOKRZYSKIE,
POL-WIELKOPOLSKIE,Greater Poland,POL,POL,plains,false,52.261,16.976,29558,3455975,0.54,1.05,false,POL-DOLNOSLASKIE;POL-KUJAWSKO-POMORSKIE;POL-LODZKIE;POL-LUBUSKIE;POL-OPOLSKIE;POL-POMORSKIE;POL-ZACHODNIOPOMORSKIE,
POL-MALOPOLSKIE,Lesser Poland,POL,POL,hills,false,49.834,20.121,15599,3406320,0.48,0.92,false,POL-PODKARPACKIE;POL-SLASKIE;POL-SWIETOKRZYSKIE,
POL-DOLNOSLASKIE,Lower Silesian,POL,POL,hills,false,51.129,16.385,19631,2850186,0.68,1.08,false,DEU-SAXONY;POL-LUBUSKIE;POL-OPOLSKIE;POL-WIELKOPOLSKIE,
POL-LODZKIE,Łódź,POL,POL,plains,false,51.559,19.409,18517,2353638,0.62,0.92,false,POL-KUJAWSKO-POMORSKIE;POL-MAZOWIECKIE;POL-OPOLSKIE;POL-SLASKIE;POL-SWIETOKRZYSKIE;POL-WIELKOPOLSKIE,
POL-POMORSKIE,Pomeranian,POL,POL,plains,true,54.222,18.038,18611,2333776,0.64,0.98,false,POL-KUJAWSKO-POMORSKIE;POL-WARMINSKO-MAZURSKIE;POL-WIELKOPOLSKIE;POL-ZACHODNIOPOMORSKIE;RUS-KALININGRAD,
POL-PODKARPACKIE,Subcarpathian,POL,POL,hills,false,49.929,22.169,17988,2045778,0.41,0.70,false,POL-LUBELSKIE;POL-MALOPOLSKIE;POL-SWIETOKRZYSKIE;UKR-LVIV;UKR-ZAKARPATTIA,
POL-LUBELSKIE,Lublin,POL,POL,plains,false,51.243,22.900,24644,1986192,0.46,0.68,false,BLR-BREST;POL-MAZOWIECKIE;POL-PODKARPACKIE;POL-PODLASKIE;POL-SWIETOKRZYSKIE;UKR-LVIV;UKR-VOLYN,
POL-KUJAWSKO-POMORSKIE,Kuyavian-Pomeranian,POL,POL,plains,false,53.022,18.501,17763,1976261,0.58,0.82,false,POL-LODZKIE;POL-MAZOWIECKIE;POL-POMORSKIE;POL-WARMINSKO-MAZURSKIE;POL-WIELKOPOLSKIE,
POL-ZACHODNIOPOMORSKIE,West Pomeranian,POL,POL,plains,true,53.587,15.615,23605,1628678,0.68,0.85,false,DEU-BRANDENBURG;DEU-MECKLENBURG-VORPOMMERN;POL-LUBUSKIE;POL-POMORSKIE;POL-WIELKOPOLSKIE,
POL-WARMINSKO-MAZURSKIE,Warmian-Masurian,POL,POL,forest,false,53.834,20.563,24498,1350611,0.59,0.68,false,LTU-MARIJAMPOLE;POL-KUJAWSKO-POMORSKIE;POL-MAZOWIECKIE;POL-PODLASKIE;POL-POMORSKIE;RUS-KALININGRAD,
POL-PODLASKIE,Podlaskie,POL,POL,forest,false,53.233,22.915,21039,1151992,0.60,0.70,false,BLR-BREST;BLR-GRODNO;LTU-ALYTUS;LTU-MARIJAMPOLE;POL-LUBELSKIE;POL-MAZOWIECKIE;POL-WARMINSKO-MAZURSKIE,
POL-SWIETOKRZYSKIE,Świętokrzyskie,POL,POL,hills,false,50.714,20.768,11176,1171853,0.44,0.70,false,POL-LODZKIE;POL-LUBELSKIE;POL-MALOPOLSKIE;POL-MAZOWIECKIE;POL-PODKARPACKIE;POL-SLASKIE,
POL-LUBUSKIE,Lubusz,POL,POL,forest,false,52.202,15.342,13939,973234,0.64,0.82,false,DEU-BRANDENBURG;DEU-SAXONY;POL-DOLNOSLASKIE;POL-WIELKOPOLSKIE;POL-ZACHODNIOPOMORSKIE,
POL-OPOLSKIE,Opole,POL,POL,plains,false,50.652,17.892,9189,943441,0.52,0.80,false,POL-DOLNOSLASKIE;POL-LODZKIE;POL-SLASKIE;POL-WIELKOPOLSKIE,
DEU-NORTH-RHINE-WESTPHALIA,North Rhine-Westphalia,DEU,DEU,plains,false,51.528,7.529,34486,17929569,0.80,0.97,false,DEU-HESSE;DEU-LOWER-SAXONY;DEU-RHINELAND-PALATINATE,
DEU-BAVARIA,Bavaria,DEU,DEU,hills,false,48.941,11.524,69960,13284091,0.60,1.15,false,DEU-BADEN-WURTTEMBERG;DEU-HESSE;DEU-SAXONY;DEU-THURINGIA,
DEU-BADEN-WURTTEMBERG,Baden-Württemberg,DEU,DEU,hills,false,48.542,9.053,36094,11149148,0.64,1.10,false,DEU-BAVARIA;DEU-HESSE;DEU-RHINELAND-PALATINATE;FRA-GRAND-EST,
DEU-LOWER-SAXONY,Lower Saxony,DEU,DEU,plains,true,52.671,9.858,47511,8045573,0.58,0.92,false,DEU-BRANDENBURG;DEU-BREMEN;DEU-HAMBURG;DEU-HESSE;DEU-MECKLENBURG-VORPOMMERN;DEU-NORTH-RHINE-WESTPHALIA;DEU-SAXONY-ANHALT;DEU-SCHLESWIG-HOLSTEIN;DEU-THURINGIA,
DEU-HESSE,Hesse,DEU,DEU,hills,false,50.686,9.078,20985,6315874,0.70,1.10,false,DEU-BADEN-WURTTEMBERG;DEU-BAVARIA;DEU-LOWER-SAXONY;DEU-NORTH-RHINE-WESTPHALIA;DEU-RHINELAND-PALATINATE;DEU-THURINGIA,
DEU-SAXONY,Saxony,DEU,DEU,hills,false,51.004,13.292,18142,3993134,0.67,0.80,false,DEU-BAVARIA;DEU-BRANDENBURG;DEU-SAXONY-ANHALT;DEU-THURINGIA;POL-DOLNOSLASKIE;POL-LUBUSKIE,
DEU-RHINELAND-PALATINATE,Rhineland-Palatinate,DEU,DEU,hills,false,50.042,7.308,20074,4111742,0.55,0.88,false,DEU-BADEN-WURTTEMBERG;DEU-HESSE;DEU-NORTH-RHINE-WESTPHALIA;DEU-SAARLAND;FRA-GRAND-EST,
DEU-BERLIN,Berlin,DEU,DEU,urban,false,52.508,13.401,888,3834991,1.00,1.10,true,DEU-BRANDENBURG,
DEU-SCHLESWIG-HOLSTEIN,Schleswig-Holstein,DEU,DEU,plains,true,54.062,9.827,15404,2925663,0.60,0.83,false,DEU-HAMBURG;DEU-LOWER-SAXONY;DEU-MECKLENBURG-VORPOMMERN,
DEU-BRANDENBURG,Brandenburg,DEU,DEU,plains,false,52.047,14.111,29986,2550071,0.52,0.78,false,DEU-BERLIN;DEU-LOWER-SAXONY;DEU-MECKLENBURG-VORPOMMERN;DEU-SAXONY;DEU-SAXONY-ANHALT;POL-LUBUSKIE;POL-ZACHODNIOPOMORSKIE,
DEU-SAXONY-ANHALT,Saxony-Anhalt,DEU,DEU,plains,false,51.990,11.675,20632,2125059,0.58,0.75,false,DEU-BRANDENBURG;DEU-LOWER-SAXONY;DEU-SAXONY;DEU-THURINGIA,
DEU-THURINGIA,Thuringia,DEU,DEU,forest,false,50.883,10.977,16046,2085523,0.55,0.75,false,DEU-BAVARIA;DEU-HESSE;DEU-LOWER-SAXONY;DEU-SAXONY;DEU-SAXONY-ANHALT,
DEU-HAMBURG,Hamburg,DEU,DEU,urban,false,53.545,10.031,772,1877959,1.00,1.65,false,DEU-LOWER-SAXONY;DEU-SCHLESWIG-HOLSTEIN,
DEU-MECKLENBURG-VORPOMMERN,Mecklenburg-Western Pomerania,DEU,DEU,plains,true,53.772,12.626,23161,1611091,0.52,0.73,false,DEU-BRANDENBURG;DEU-LOWER-SAXONY;DEU-SCHLESWIG-HOLSTEIN;POL-ZACHODNIOPOMORSKIE,
DEU-SAARLAND,Saarland,DEU,DEU,hills,false,49.397,6.943,2651,978516,0.68,0.86,false,DEU-RHINELAND-PALATINATE;FRA-GRAND-EST,
DEU-BREMEN,Bremen,DEU,DEU,urban,false,53.114,8.786,385,681996,0.98,1.10,false,DEU-LOWER-SAXONY,
FRA-ILE-DE-FRANCE,Île-de-France,FRA,FRA,urban,false,48.703,2.493,12095,12507460,0.98,1.66,true,FRA-BOURGOGNE-FRANCHE-COMTE;FRA-CENTRE-VAL-DE-LOIRE;FRA-GRAND-EST;FRA-HAUTS-DE-FRANCE;FRA-NORMANDY,
FRA-AUVERGNE-RHONE-ALPES,Auvergne-Rhône-Alpes,FRA,FRA,mountains,false,45.385,4.532,70915,8257742,0.78,0.98,false,FRA-BOURGOGNE-FRANCHE-COMTE;FRA-CENTRE-VAL-DE-LOIRE;FRA-NOUVELLE-AQUITAINE;FRA-OCCITANIE;FRA-PROVENCE-ALPES-COTE-DAZUR,
FRA-NOUVELLE-AQUITAINE,Nouvelle-Aquitaine,FRA,FRA,plains,true,45.370,0.426,84987,6193307,0.67,0.85,false,FRA-AUVERGNE-RHONE-ALPES;FRA-CENTRE-VAL-DE-LOIRE;FRA-OCCITANIE;FRA-PAYS-DE-LA-LOIRE,
FRA-OCCITANIE,Occitanie,FRA,FRA,hills,true,43.675,2.135,73515,6142954,0.75,0.84,false,FRA-AUVERGNE-RHONE-ALPES;FRA-NOUVELLE-AQUITAINE;FRA-PROVENCE-ALPES-COTE-DAZUR,
FRA-HAUTS-DE-FRANCE,Hauts-de-France,FRA,FRA,plains,true,49.965,2.763,31951,6022109,0.80,0.80,false,FRA-GRAND-EST;FRA-ILE-DE-FRANCE;FRA-NORMANDY,GBR-SOUTH-EAST
FRA-GRAND-EST,Grand Est,FRA,FRA,plains,false,48.683,5.600,57330,5609222,0.74,0.83,false,DEU-BADEN-WURTTEMBERG;DEU-RHINELAND-PALATINATE;DEU-SAARLAND;FRA-BOURGOGNE-FRANCHE-COMTE;FRA-HAUTS-DE-FRANCE;FRA-ILE-DE-FRANCE,
FRA-PROVENCE-ALPES-COTE-DAZUR,Provence-Alpes-Côte d'Azur,FRA,FRA,mountains,true,43.877,6.218,31353,5216476,0.92,0.94,false,FRA-AUVERGNE-RHONE-ALPES;FRA-OCCITANIE,FRA-CORSICA
FRA-PAYS-DE-LA-LOIRE,Pays de la Loire,FRA,FRA,plains,true,47.676,-0.535,32114,3967744,0.70,0.89,false,FRA-BRITTANY;FRA-CENTRE-VAL-DE-LOIRE;FRA-NORMANDY;FRA-NOUVELLE-AQUITAINE,
FRA-BRITTANY,Brittany,FRA,FRA,plains,true,48.225,-3.100,27319,3474294,0.66,0.86,false,FRA-NORMANDY;FRA-PAYS-DE-LA-LOIRE,
FRA-NORMANDY,Normandy,FRA,FRA,plains,true,48.954,0.358,30103,3353449,0.70,0.85,false,FRA-BRITTANY;FRA-CENTRE-VAL-DE-LOIRE;FRA-HAUTS-DE-FRANCE;FRA-ILE-DE-FRANCE;FRA-PAYS-DE-LA-LOIRE,
FRA-BOURGOGNE-FRANCHE-COMTE,Bourgogne-Franche-Comté,FRA,FRA,hills,false,47.108,4.559,47973,2809646,0.65,0.81,false,FRA-AUVERGNE-RHONE-ALPES;FRA-CENTRE-VAL-DE-LOIRE;FRA-GRAND-EST;FRA-ILE-DE-FRANCE,
FRA-CENTRE-VAL-DE-LOIRE,Centre-Val de Loire,FRA,FRA,plains,false,47.475,1.679,39331,2588097,0.67,0.85,false,FRA-AUVERGNE-RHONE-ALPES;FRA-BOURGOGNE-FRANCHE-COMTE;FRA-ILE-DE-FRANCE;FRA-NORMANDY;FRA-NOUVELLE-AQUITAINE;FRA-PAYS-DE-LA-LOIRE,
FRA-CORSICA,Corsica,FRA,FRA,mountains,true,42.167,9.099,8672,357500,0.55,0.82,false,,FRA-PROVENCE-ALPES-COTE-DAZUR
GBR-LONDON,London,GBR,GBR,urban,false,51.497,-0.100,1602,9220009,1.00,1.75,true,GBR-EAST-OF-ENGLAND;GBR-SOUTH-EAST,
GBR-SOUTH-EAST,South East England,GBR,GBR,hills,true,51.298,-0.913,19037,9615586,0.80,1.05,false,GBR-EAST-MIDLANDS;GBR-EAST-OF-ENGLAND;GBR-LONDON;GBR-SOUTH-WEST;GBR-WEST-MIDLANDS,FRA-HAUTS-DE-FRANCE
GBR-NORTH-WEST,North West England,GBR,GBR,hills,true,53.726,-2.565,14244,7708698,0.88,0.88,false,GBR-EAST-MIDLANDS;GBR-NORTH-EAST;GBR-SCOTLAND;GBR-WALES;GBR-WEST-MIDLANDS;GBR-YORKSHIRE-AND-THE-HUMBER,
GBR-EAST-OF-ENGLAND,East of England,GBR,GBR,plains,true,52.248,0.549,18933,6592966,0.75,0.92,false,GBR-EAST-MIDLANDS;GBR-LONDON;GBR-SOUTH-EAST,
GBR-WEST-MIDLANDS,West Midlands,GBR,GBR,plains,false,52.474,-2.262,12936,6187245,0.85,0.83,false,GBR-EAST-MIDLANDS;GBR-NORTH-WEST;GBR-SOUTH-EAST;GBR-SOUTH-WEST;GBR-WALES,
GBR-SOUTH-WEST,South West England,GBR,GBR,hills,true,51.102,-2.551,23739,5933669,0.68,0.88,false,GBR-SOUTH-EAST;GBR-WALES;GBR-WEST-MIDLANDS,
GBR-YORKSHIRE-AND-THE-HUMBER,Yorkshire and the Humber,GBR,GBR,hills,true,53.960,-1.221,15469,5680093,0.85,0.80,false,GBR-EAST-MIDLANDS;GBR-NORTH-EAST;GBR-NORTH-WEST,
GBR-EAST-MIDLANDS,East Midlands,GBR,GBR,plains,true,52.937,-0.828,15593,5071512,0.76,0.80,false,GBR-EAST-OF-ENGLAND;GBR-NORTH-WEST;GBR-SOUTH-EAST;GBR-WEST-MIDLANDS;GBR-YORKSHIRE-AND-THE-HUMBER,
GBR-NORTH-EAST,North East England,GBR,GBR,hills,true,55.019,-1.897,8652,2738616,0.85,0.74,false,GBR-NORTH-WEST;GBR-SCOTLAND;GBR-YORKSHIRE-AND-THE-HUMBER,
GBR-SCOTLAND,Scotland,GBR,GBR,mountains,true,56.754,-4.038,78093,5578663,0.83,0.92,false,GBR-NORTH-EAST;GBR-NORTH-WEST,GBR-NORTHERN-IRELAND
GBR-WALES,Wales,GBR,GBR,hills,true,52.200,-3.629,20760,3225482,0.67,0.73,false,GBR-NORTH-WEST;GBR-SOUTH-WEST;GBR-WEST-MIDLANDS,
GBR-NORTHERN-IRELAND,Northern Ireland,GBR,GBR,hills,true,54.721,-6.581,14220,1947461,0.65,0.78,false,,GBR-SCOTLAND
USA-NORTHEAST,Northeast,USA,USA,hills,true,43.093,-74.284,446054,58122905,0.85,1.15,false,USA-MIDWEST;USA-SOUTH,
USA-MIDWEST,Midwest,USA,USA,plains,false,42.839,-93.415,2127692,69988827,0.75,0.95,false,USA-NORTHEAST;USA-SOUTH;USA-WEST,
USA-SOUTH,South,USA,USA,plains,true,34.220,-85.149,2304636,133441341,0.76,0.92,true,USA-MIDWEST;USA-NORTHEAST;USA-WEST,
USA-WEST,West,USA,USA,mountains,true,40.779,-112.989,4590611,80446927,0.90,1.08,false,USA-MIDWEST;USA-SOUTH,
CHN-NORTH,North China,CHN,CHN,plains,true,41.523,114.492,1518144,167816601,0.66,0.95,true,CHN-CENTRAL;CHN-EAST;CHN-NORTHEAST;CHN-NORTHWEST;RUS-FAR-EAST,
CHN-NORTHEAST,Northeast China,CHN,CHN,plains,true,45.624,126.756,789697,95183150,0.68,0.70,false,CHN-NORTH;RUS-FAR-EAST,
CHN-EAST,East China,CHN,CHN,plains,true,28.897,118.260,795337,426272383,0.72,1.30,false,CHN-CENTRAL;CHN-NORTH;CHN-SOUTH,
CHN-CENTRAL,Central China,CHN,CHN,plains,false,30.922,112.482,564924,221793754,0.62,0.85,false,CHN-EAST;CHN-NORTH;CHN-NORTHWEST;CHN-SOUTH;CHN-SOUTHWEST,
CHN-SOUTH,South China,CHN,CHN,hills,true,23.249,110.479,449775,188764901,0.70,1.00,false,CHN-CENTRAL;CHN-EAST;CHN-SOUTHWEST,
CHN-SOUTHWEST,Southwest China,CHN,CHN,mountains,false,28.950,102.320,2265140,204578716,0.58,0.75,false,CHN-CENTRAL;CHN-NORTHWEST;CHN-SOUTH,
CHN-NORTHWEST,Northwest China,CHN,CHN,desert,false,37.723,94.270,3012446,103590495,0.62,0.80,false,CHN-CENTRAL;CHN-NORTH;CHN-SOUTHWEST;RUS-SIBERIA,
LTU-VILNIUS,Vilnius,LTU,LTU,plains,false,54.712,25.230,9781,861325,0.80,1.40,true,BLR-GRODNO;BLR-VITEBSK;LTU-ALYTUS;LTU-KAUNAS;LTU-PANEVEZYS;LTU-UTENA,
LTU-KAUNAS,Kaunas,LTU,LTU,plains,false,55.043,23.989,8163,577595,0.72,0.98,false,LTU-ALYTUS;LTU-MARIJAMPOLE;LTU-PANEVEZYS;LTU-SIAULIAI;LTU-TAURAGE;LTU-VILNIUS,
LTU-KLAIPEDA,Klaipėda,LTU,LTU,plains,true,55.566,21.473,5365,344530,0.73,0.98,false,LTU-TAURAGE;LTU-TELSIAI;RUS-KALININGRAD,
LTU-SIAULIAI,Šiauliai,LTU,LTU,plains,false,55.950,23.266,8533,258398,0.62,0.68,false,LTU-KAUNAS;LTU-PANEVEZYS;LTU-TAURAGE;LTU-TELSIAI,
LTU-PANEVEZYS,Panevėžys,LTU,LTU,plains,false,56.027,24.778,7721,217865,0.58,0.70,false,LTU-KAUNAS;LTU-SIAULIAI;LTU-UTENA;LTU-VILNIUS,
LTU-ALYTUS,Alytus,LTU,LTU,forest,false,54.222,24.120,5633,136799,0.55,0.58,false,BLR-GRODNO;LTU-KAUNAS;LTU-MARIJAMPOLE;LTU-VILNIUS;POL-PODLASKIE,
LTU-MARIJAMPOLE,Marijampolė,LTU,LTU,plains,false,54.701,23.163,4722,141865,0.45,0.55,false,LTU-ALYTUS;LTU-KAUNAS;LTU-TAURAGE;POL-PODLASKIE;POL-WARMINSKO-MAZURSKIE;RUS-KALININGRAD,
LTU-UTENA,Utena,LTU,LTU,forest,false,55.458,25.488,7034,126665,0.55,0.58,false,BLR-VITEBSK;LTU-PANEVEZYS;LTU-VILNIUS,
LTU-TELSIAI,Telšiai,LTU,LTU,plains,false,55.989,22.131,4011,131732,0.45,0.62,false,LTU-KLAIPEDA;LTU-SIAULIAI;LTU-TAURAGE,
LTU-TAURAGE,Tauragė,LTU,LTU,plains,false,55.347,22.426,3822,93226,0.42,0.52,false,LTU-KAUNAS;LTU-KLAIPEDA;LTU-MARIJAMPOLE;LTU-SIAULIAI;LTU-TELSIAI;RUS-KALININGRAD,
BLR-MINSK-CITY,Minsk (city),BLR,BLR,urban,false,53.907,27.597,605,1978261,1.00,1.60,true,BLR-MINSK,
BLR-MINSK,Minsk Region,BLR,BLR,plains,false,53.239,27.545,39379,1523261,0.45,1.10,false,BLR-BREST;BLR-GOMEL;BLR-GRODNO;BLR-MINSK-CITY;BLR-MOGILEV;BLR-VITEBSK,
BLR-BREST,Brest,BLR,BLR,marsh,false,52.478,25.744,32887,1295761,0.65,0.80,false,BLR-GOMEL;BLR-GRODNO;BLR-MINSK;POL-LUBELSKIE;POL-PODLASKIE;UKR-RIVNE;UKR-VOLYN,
BLR-GOMEL,Gomel,BLR,BLR,marsh,false,52.255,29.655,40606,1315543,0.76,0.80,false,BLR-BREST;BLR-MINSK;BLR-MOGILEV;RUS-BRYANSK;UKR-CHERNIHIV;UKR-KYIV;UKR-RIVNE;UKR-ZHYTOMYR,
BLR-GRODNO,Grodno,BLR,BLR,plains,false,53.649,25.182,25125,989130,0.70,0.85,false,BLR-BREST;BLR-MINSK;BLR-VITEBSK;LTU-ALYTUS;LTU-VILNIUS;POL-PODLASKIE,
BLR-MOGILEV,Mogilev,BLR,BLR,plains,false,53.804,30.407,28674,939674,0.78,0.75,false,BLR-GOMEL;BLR-MINSK;BLR-VITEBSK;RUS-BRYANSK;RUS-SMOLENSK,
BLR-VITEBSK,Vitebsk,BLR,BLR,forest,false,55.274,28.905,39818,1058370,0.78,0.72,false,BLR-GRODNO;BLR-MINSK;BLR-MOGILEV;LTU-UTENA;LTU-VILNIUS;RUS-PSKOV;RUS-SMOLENSK,
UKR-KYIV-CITY,Kyiv (city),UKR,UKR,urban,false,50.414,30.533,1640,2857144,1.00,2.80,true,UKR-KYIV,
UKR-KYIV,Kyiv Oblast,UKR,UKR,forest,false,49.791,30.175,26990,1714286,0.62,1.15,false,BLR-GOMEL;UKR-CHERKASY;UKR-CHERNIHIV;UKR-KYIV-CITY;UKR-POLTAVA;UKR-VINNYTSIA;UKR-ZHYTOMYR,
UKR-KHARKIV,Kharkiv,UKR,UKR,steppe,false,49.555,36.486,31356,2142857,0.81,0.95,false,RUS-BELGOROD;UKR-DNIPROPETROVSK;UKR-DONETSK;UKR-LUHANSK;UKR-POLTAVA;UKR-SUMY,
UKR-DNIPROPETROVSK,Dnipropetrovsk,UKR,UKR,steppe,false,48.173,34.260,31792,2857143,0.84,1.30,false,UKR-DONETSK;UKR-KHARKIV;UKR-KHERSON;UKR-KHERSON-OCC;UKR-KIROVOHRAD;UKR-MYKOLAIV;UKR-POLTAVA;UKR-ZAPORIZHZHIA;UKR-ZAPORIZHZHIA-OCC,
UKR-ODESA,Odesa,UKR,UKR,steppe,true,46.982,30.448,33159,2142857,0.67,0.90,false,UKR-KIROVOHRAD;UKR-MYKOLAIV;UKR-VINNYTSIA,
UKR-LVIV,Lviv,UKR,UKR,hills,false,49.714,23.909,21853,2333333,0.61,0.90,false,POL-LUBELSKIE;POL-PODKARPACKIE;UKR-IVANO-FRANKIVSK;UKR-RIVNE;UKR-TERNOPIL;UKR-VOLYN;UKR-ZAKARPATTIA,
UKR-ZAPORIZHZHIA,Zaporizhzhia,UKR,UKR,steppe,false,47.796,35.533,6354,838095,0.85,1.00,false,UKR-DNIPROPETROVSK;UKR-DONETSK;UKR-ZAPORIZHZHIA-OCC,
UKR-ZAPORIZHZHIA-OCC,Zaporizhzhia (occupied),UKR,RUS,steppe,true,47.045,35.643,20713,280000,0.60,0.55,false,UKR-DNIPROPETROVSK;UKR-DONETSK-OCC;UKR-KHERSON-OCC;UKR-ZAPORIZHZHIA,
UKR-DONETSK,Donetsk,UKR,UKR,steppe,false,48.761,37.541,6652,238095,0.85,0.60,false,UKR-DNIPROPETROVSK;UKR-DONETSK-OCC;UKR-KHARKIV;UKR-LUHANSK;UKR-ZAPORIZHZHIA,
UKR-DONETSK-OCC,Donetsk (occupied),UKR,RUS,steppe,true,47.833,37.767,19928,950000,0.91,0.45,false,RUS-ROSTOV;UKR-DONETSK;UKR-LUHANSK;UKR-ZAPORIZHZHIA-OCC,
UKR-KHERSON,Kherson,UKR,UKR,steppe,true,47.109,33.390,6524,152381,0.75,0.55,false,UKR-DNIPROPETROVSK;UKR-KHERSON-OCC;UKR-MYKOLAIV,
UKR-KHERSON-OCC,Kherson (occupied),UKR,RUS,steppe,true,46.635,34.026,19643,120000,0.45,0.45,false,UKR-CRIMEA;UKR-DNIPROPETROVSK;UKR-KHERSON;UKR-MYKOLAIV;UKR-ZAPORIZHZHIA-OCC,
UKR-LUHANSK,Luhansk,UKR,RUS,steppe,false,48.975,39.009,26286,1250000,0.87,0.40,false,RUS-BELGOROD;RUS-ROSTOV;RUS-VORONEZH;UKR-DONETSK;UKR-DONETSK-OCC;UKR-KHARKIV,
UKR-CRIMEA,Crimea,UKR,RUS,hills,true,45.334,34.363,26343,1900000,0.51,0.70,false,UKR-KHERSON-OCC;UKR-SEVASTOPOL,RUS-KRASNODAR
UKR-SEVASTOPOL,Sevastopol,UKR,RUS,urban,true,44.579,33.634,750,500000,0.93,0.80,false,UKR-CRIMEA,
UKR-MYKOLAIV,Mykolaiv,UKR,UKR,steppe,true,47.597,31.476,23534,819048,0.68,0.85,false,UKR-DNIPROPETROVSK;UKR-KHERSON;UKR-KHERSON-OCC;UKR-KIROVOHRAD;UKR-ODESA,
UKR-VINNYTSIA,Vinnytsia,UKR,UKR,plains,false,48.906,28.689,26643,1409524,0.51,0.85,false,UKR-CHERKASY;UKR-CHERNIVTSI;UKR-KHMELNYTSKYI;UKR-KIROVOHRAD;UKR-KYIV;UKR-ODESA;UKR-ZHYTOMYR,
UKR-POLTAVA,Poltava,UKR,UKR,plains,false,49.733,33.773,28348,1285714,0.62,1.20,false,UKR-CHERKASY;UKR-CHERNIHIV;UKR-DNIPROPETROVSK;UKR-KHARKIV;UKR-KIROVOHRAD;UKR-KYIV;UKR-SUMY,
UKR-CHERKASY,Cherkasy,UKR,UKR,plains,false,49.362,31.546,21247,1076190,0.57,0.85,false,UKR-KIROVOHRAD;UKR-KYIV;UKR-POLTAVA;UKR-VINNYTSIA,
UKR-CHERNIHIV,Chernihiv,UKR,UKR,forest,false,51.350,31.995,31725,847619,0.65,0.75,false,BLR-GOMEL;RUS-BRYANSK;UKR-KYIV;UKR-POLTAVA;UKR-SUMY,
UKR-SUMY,Sumy,UKR,UKR,plains,false,50.996,33.788,23389,904762,0.69,0.70,false,RUS-BELGOROD;RUS-BRYANSK;RUS-KURSK;UKR-CHERNIHIV;UKR-KHARKIV;UKR-POLTAVA,
UKR-ZHYTOMYR,Zhytomyr,UKR,UKR,forest,false,50.630,28.471,29720,1095238,0.59,0.70,false,BLR-GOMEL;UKR-KHMELNYTSKYI;UKR-KYIV;UKR-RIVNE;UKR-VINNYTSIA,
UKR-RIVNE,Rivne,UKR,UKR,marsh,false,51.086,26.613,20265,1085714,0.48,0.65,false,BLR-BREST;BLR-GOMEL;UKR-KHMELNYTSKYI;UKR-LVIV;UKR-TERNOPIL;UKR-VOLYN;UKR-ZHYTOMYR,
UKR-VOLYN,Volyn,UKR,UKR,marsh,false,51.180,24.852,19820,961905,0.52,0.65,false,BLR-BREST;POL-LUBELSKIE;UKR-LVIV;UKR-RIVNE,
UKR-TERNOPIL,Ternopil,UKR,UKR,plains,false,49.400,25.648,13970,952381,0.46,0.55,false,UKR-CHERNIVTSI;UKR-IVANO-FRANKIVSK;UKR-KHMELNYTSKYI;UKR-LVIV;UKR-RIVNE,
UKR-KHMELNYTSKYI,Khmelnytskyi,UKR,UKR,plains,false,49.502,26.933,20437,1161905,0.57,0.70,false,UKR-CHERNIVTSI;UKR-RIVNE;UKR-TERNOPIL;UKR-VINNYTSIA;UKR-ZHYTOMYR,
UKR-IVANO-FRANKIVSK,Ivano-Frankivsk,UKR,UKR,mountains,false,48.692,24.615,13894,1285714,0.44,0.70,false,UKR-CHERNIVTSI;UKR-LVIV;UKR-TERNOPIL;UKR-ZAKARPATTIA,
UKR-ZAKARPATTIA,Zakarpattia,UKR,UKR,mountains,false,48.368,23.457,12963,1190476,0.37,0.50,false,POL-PODKARPACKIE;UKR-IVANO-FRANKIVSK;UKR-LVIV,
UKR-CHERNIVTSI,Chernivtsi,UKR,UKR,hills,false,48.269,25.985,8148,857143,0.43,0.50,false,UKR-IVANO-FRANKIVSK;UKR-KHMELNYTSKYI;UKR-TERNOPIL;UKR-VINNYTSIA,
UKR-KIROVOHRAD,Kirovohrad,UKR,UKR,steppe,false,48.405,32.158,24466,790476,0.64,0.85,false,UKR-CHERKASY;UKR-DNIPROPETROVSK;UKR-MYKOLAIV;UKR-ODESA;UKR-POLTAVA;UKR-VINNYTSIA,
RUS-MOSCOW-CITY,Moscow (city),RUS,RUS,urban,false,55.312,37.253,2848,13135720,0.99,2.40,true,RUS-KALUGA;RUS-MOSCOW,
RUS-MOSCOW,Moscow Oblast,RUS,RUS,plains,false,55.319,38.422,43895,8590661,0.82,1.10,false,RUS-KALUGA;RUS-MOSCOW-CITY;RUS-RYAZAN;RUS-SMOLENSK;RUS-TULA;RUS-TVER;RUS-VLADIMIR;RUS-YAROSLAVL,
RUS-ST-PETERSBURG,Saint Petersburg,RUS,RUS,urban,true,59.785,30.349,2017,5593919,1.00,1.55,false,RUS-LENINGRAD,
RUS-LENINGRAD,Leningrad Oblast,RUS,RUS,forest,true,60.127,33.900,82754,2047774,0.66,1.10,false,RUS-KARELIA;RUS-NOVGOROD;RUS-PSKOV;RUS-ST-PETERSBURG;RUS-VOLOGDA,
RUS-ARKHANGELSK,Arkhangelsk,RUS,RUS,forest,true,63.414,43.131,402084,958958,0.79,0.85,false,RUS-KARELIA;RUS-KOMI;RUS-NENETS;RUS-VOLGA;RUS-VOLOGDA,
RUS-NENETS,Nenets,RUS,RUS,marsh,true,68.256,61.843,176957,40955,0.73,4.50,false,RUS-ARKHANGELSK;RUS-KOMI;RUS-URALS,
RUS-VOLOGDA,Vologda,RUS,RUS,forest,false,60.036,37.365,145388,1118784,0.73,0.95,false,RUS-ARKHANGELSK;RUS-KARELIA;RUS-KOSTROMA;RUS-LENINGRAD;RUS-NOVGOROD;RUS-TVER;RUS-VOLGA;RUS-YAROSLAVL,
RUS-KALININGRAD,Kaliningrad,RUS,RUS,plains,true,54.736,21.522,13421,1028881,0.78,0.85,false,LTU-KLAIPEDA;LTU-MARIJAMPOLE;LTU-TAURAGE;POL-POMORSKIE;POL-WARMINSKO-MAZURSKIE,
RUS-KARELIA,Karelia,RUS,RUS,forest,true,63.555,33.161,173340,519435,0.82,0.80,false,RUS-ARKHANGELSK;RUS-LENINGRAD;RUS-MURMANSK;RUS-VOLOGDA,
RUS-KOMI,Komi,RUS,RUS,forest,false,64.128,54.783,415719,709229,0.79,1.15,false,RUS-ARKHANGELSK;RUS-NENETS;RUS-URALS;RUS-VOLGA,
RUS-MURMANSK,Murmansk,RUS,RUS,forest,true,67.914,34.656,143122,649294,0.92,1.35,false,RUS-KARELIA,
RUS-NOVGOROD,Novgorod,RUS,RUS,forest,false,58.262,32.383,54997,569381,0.72,0.75,false,RUS-LENINGRAD;RUS-PSKOV;RUS-TVER;RUS-VOLOGDA,
RUS-PSKOV,Pskov,RUS,RUS,forest,false,57.186,29.211,55725,569381,0.71,0.55,false,BLR-VITEBSK;RUS-LENINGRAD;RUS-NOVGOROD;RUS-SMOLENSK;RUS-TVER,
RUS-BELGOROD,Belgorod,RUS,RUS,steppe,false,50.848,37.743,27693,1498371,0.67,0.95,false,RUS-KURSK;RUS-VORONEZH;UKR-KHARKIV;UKR-LUHANSK;UKR-SUMY,
RUS-BRYANSK,Bryansk,RUS,RUS,forest,false,53.051,33.441,35169,1148751,0.71,0.60,false,BLR-GOMEL;BLR-MOGILEV;RUS-KALUGA;RUS-KURSK;RUS-ORYOL;RUS-SMOLENSK;UKR-CHERNIHIV;UKR-SUMY,
RUS-VLADIMIR,Vladimir,RUS,RUS,forest,false,55.976,40.648,29396,1328556,0.78,0.65,false,RUS-IVANOVO;RUS-MOSCOW;RUS-RYAZAN;RUS-VOLGA;RUS-YAROSLAVL,
RUS-VORONEZH,Voronezh,RUS,RUS,steppe,false,50.971,40.218,52205,2277524,0.68,0.75,false,RUS-BELGOROD;RUS-KURSK;RUS-LIPETSK;RUS-ROSTOV;RUS-TAMBOV;RUS-VOLGA;RUS-VOLGOGRAD;UKR-LUHANSK,
RUS-IVANOVO,Ivanovo,RUS,RUS,forest,false,57.026,41.793,23604,909012,0.82,0.50,false,RUS-KOSTROMA;RUS-VLADIMIR;RUS-VOLGA;RUS-YAROSLAVL,
RUS-KALUGA,Kaluga,RUS,RUS,forest,false,54.351,35.405,29341,1058849,0.73,0.85,false,RUS-BRYANSK;RUS-MOSCOW;RUS-MOSCOW-CITY;RUS-ORYOL;RUS-SMOLENSK;RUS-TULA,
RUS-KOSTROMA,Kostroma,RUS,RUS,forest,false,58.460,43.790,60027,569381,0.73,0.60,false,RUS-IVANOVO;RUS-VOLGA;RUS-VOLOGDA;RUS-YAROSLAVL,
RUS-KURSK,Kursk,RUS,RUS,plains,false,51.723,36.078,30081,1058849,0.69,0.80,false,RUS-BELGOROD;RUS-BRYANSK;RUS-LIPETSK;RUS-ORYOL;RUS-VORONEZH;UKR-SUMY,
RUS-LIPETSK,Lipetsk,RUS,RUS,plains,false,52.677,39.126,24261,1128773,0.65,0.95,false,RUS-KURSK;RUS-ORYOL;RUS-RYAZAN;RUS-TAMBOV;RUS-TULA;RUS-VORONEZH,
RUS-ORYOL,Oryol,RUS,RUS,plains,false,52.917,36.168,24695,689251,0.67,0.60,false,RUS-BRYANSK;RUS-KALUGA;RUS-KURSK;RUS-LIPETSK;RUS-TULA,
RUS-RYAZAN,Ryazan,RUS,RUS,plains,false,54.331,40.617,39511,1078827,0.72,0.65,false,RUS-LIPETSK;RUS-MOSCOW;RUS-TAMBOV;RUS-TULA;RUS-VLADIMIR;RUS-VOLGA,
RUS-SMOLENSK,Smolensk,RUS,RUS,forest,false,54.765,32.807,50205,869055,0.72,0.65,false,BLR-MOGILEV;BLR-VITEBSK;RUS-BRYANSK;RUS-KALUGA;RUS-MOSCOW;RUS-PSKOV;RUS-TVER,
RUS-TAMBOV,Tambov,RUS,RUS,plains,false,52.686,41.582,34397,948968,0.62,0.60,false,RUS-LIPETSK;RUS-RYAZAN;RUS-VOLGA;RUS-VORONEZH,
RUS-TVER,Tver,RUS,RUS,forest,false,57.091,34.714,84458,1198697,0.76,0.65,false,RUS-MOSCOW;RUS-NOVGOROD;RUS-PSKOV;RUS-SMOLENSK;RUS-VOLOGDA;RUS-YAROSLAVL,
RUS-TULA,Tula,RUS,RUS,plains,false,53.962,37.543,25469,1498371,0.75,0.85,false,RUS-KALUGA;RUS-LIPETSK;RUS-MOSCOW;RUS-ORYOL;RUS-RYAZAN,
RUS-YAROSLAVL,Yaroslavl,RUS,RUS,forest,false,57.869,39.135,35834,1178719,0.82,0.80,false,RUS-IVANOVO;RUS-KOSTROMA;RUS-MOSCOW;RUS-TVER;RUS-VLADIMIR;RUS-VOLOGDA,
RUS-ROSTOV,Rostov,RUS,RUS,steppe,true,47.624,41.051,101400,4145493,0.68,0.60,false,RUS-KRASNODAR;RUS-NORTH-CAUCASUS;RUS-VOLGOGRAD;RUS-VORONEZH;UKR-DONETSK-OCC;UKR-LUHANSK,
RUS-KRASNODAR,Krasnodar,RUS,RUS,plains,true,45.778,39.216,75034,5843647,0.56,0.75,false,RUS-ADYGEA;RUS-NORTH-CAUCASUS;RUS-ROSTOV,UKR-CRIMEA
RUS-VOLGOGRAD,Volgograd,RUS,RUS,steppe,false,49.617,44.150,113029,2437350,0.77,0.65,false,RUS-NORTH-CAUCASUS;RUS-ROSTOV;RUS-VOLGA;RUS-VORONEZH,
RUS-ADYGEA,Adygea,RUS,RUS,hills,false,44.513,40.110,8007,499457,0.48,0.50,false,RUS-KRASNODAR,
RUS-NORTH-CAUCASUS,North Caucasus and Lower Volga,RUS,RUS,mountains,true,45.052,45.070,290736,11472528,0.52,0.42,false,RUS-KRASNODAR;RUS-ROSTOV;RUS-VOLGOGRAD,
RUS-VOLGA,Volga,RUS,RUS,plains,false,55.523,51.538,1035997,28469052,0.72,0.75,false,RUS-ARKHANGELSK;RUS-IVANOVO;RUS-KOMI;RUS-KOSTROMA;RUS-RYAZAN;RUS-TAMBOV;RUS-URALS;RUS-VLADIMIR;RUS-VOLGOGRAD;RUS-VOLOGDA;RUS-VORONEZH,
RUS-URALS,Urals,RUS,RUS,forest,true,61.905,66.885,1728782,12286643,0.82,1.55,false,RUS-KOMI;RUS-NENETS;RUS-SIBERIA;RUS-VOLGA,
RUS-SIBERIA,Siberia,RUS,RUS,forest,true,62.797,94.913,4310700,16581974,0.74,0.80,false,CHN-NORTHWEST;RUS-FAR-EAST;RUS-URALS,
RUS-FAR-EAST,Far East,RUS,RUS,forest,true,62.418,131.547,6914762,7791530,0.73,1.15,false,CHN-NORTH;CHN-NORTHEAST;RUS-SIBERIA,
TUR-ADANA,Adana,TUR,TUR,plains,true,37.332,35.514,15378,2275703,0.85,0.80,false,TUR-HATAY;TUR-KAHRAMANMARAS;TUR-KAYSERI;TUR-MERSIN;TUR-NIGDE;TUR-OSMANIYE,
TUR-ADIYAMAN,Adıyaman,TUR,TUR,hills,false,37.770,38.375,7183,611532,0.62,0.55,false,TUR-DIYARBAKIR;TUR-GAZIANTEP;TUR-KAHRAMANMARAS;TUR-MALATYA;TUR-SANLIURFA,
TUR-AFYONKARAHISAR,Afyonkarahisar,TUR,TUR,hills,false,38.651,30.623,14780,751884,0.62,0.80,false,TUR-BURDUR;TUR-DENIZLI;TUR-ESKISEHIR;TUR-ISPARTA;TUR-KONYA;TUR-KUTAHYA;TUR-USAK,
TUR-AGRI,Ağrı,TUR,TUR,mountains,false,39.668,43.069,10026,501256,0.62,0.38,false,TUR-BITLIS;TUR-ERZURUM;TUR-IGDIR;TUR-KARS;TUR-MUS;TUR-VAN,
TUR-AMASYA,Amasya,TUR,TUR,hills,false,40.673,35.718,6233,340854,0.62,0.75,false,TUR-CORUM;TUR-SAMSUN;TUR-TOKAT;TUR-YOZGAT,
TUR-ANKARA,Ankara,TUR,TUR,steppe,false,39.781,32.610,25717,5874721,0.93,1.35,true,TUR-AKSARAY;TUR-BOLU;TUR-CANKIRI;TUR-ESKISEHIR;TUR-KIRIKKALE;TUR-KIRSEHIR;TUR-KONYA,
TUR-ANTALYA,Antalya,TUR,TUR,mountains,true,36.724,30.139,21239,2726833,0.75,1.05,false,TUR-BURDUR;TUR-ISPARTA;TUR-KARAMAN;TUR-KONYA;TUR-MERSIN;TUR-MUGLA,
TUR-ARTVIN,Artvin,TUR,TUR,mountains,true,41.122,41.788,7841,170427,0.62,0.90,false,TUR-ARDAHAN;TUR-ERZURUM;TUR-RIZE,
TUR-AYDIN,Aydın,TUR,TUR,hills,true,37.749,28.012,7958,1182964,0.60,0.85,false,TUR-DENIZLI;TUR-IZMIR;TUR-MANISA;TUR-MUGLA,
TUR-BALIKESIR,Balıkesir,TUR,TUR,hills,true,39.722,27.873,14561,1283216,0.60,0.90,false,TUR-BURSA;TUR-CANAKKALE;TUR-IZMIR;TUR-KUTAHYA;TUR-MANISA,
TUR-BILECIK,Bilecik,TUR,TUR,hills,false,40.078,30.100,5295,230578,0.62,1.05,false,TUR-BOLU;TUR-BURSA;TUR-ESKISEHIR;TUR-KUTAHYA;TUR-SAKARYA,
TUR-BINGOL,Bingöl,TUR,TUR,mountains,false,39.048,40.741,8438,290729,0.62,0.55,false,TUR-DIYARBAKIR;TUR-ELAZIG;TUR-ERZINCAN;TUR-ERZURUM;TUR-MUS;TUR-TUNCELI,
TUR-BITLIS,Bitlis,TUR,TUR,mountains,false,38.551,42.380,8999,360904,0.62,0.45,false,TUR-AGRI;TUR-BATMAN;TUR-MUS;TUR-SIIRT;TUR-VAN,
TUR-BOLU,Bolu,TUR,TUR,forest,false,40.626,31.778,8584,320804,0.62,1.00,false,TUR-ANKARA;TUR-BILECIK;TUR-CANKIRI;TUR-DUZCE;TUR-ESKISEHIR;TUR-KARABUK;TUR-SAKARYA;TUR-ZONGULDAK,
TUR-BURDUR,Burdur,TUR,TUR,hills,false,37.474,29.985,7248,280703,0.62,0.85,false,TUR-AFYONKARAHISAR;TUR-ANTALYA;TUR-DENIZLI;TUR-ISPARTA;TUR-MUGLA,
TUR-BURSA,Bursa,TUR,TUR,hills,true,40.022,29.023,10919,3248139,0.88,1.15,false,TUR-BALIKESIR;TUR-BILECIK;TUR-KOCAELI;TUR-KUTAHYA;TUR-SAKARYA;TUR-YALOVA,
TUR-CANAKKALE,Çanakkale,TUR,TUR,hills,true,40.015,26.795,9599,571432,0.62,1.00,false,TUR-BALIKESIR;TUR-EDIRNE;TUR-TEKIRDAG,
TUR-CANKIRI,Çankırı,TUR,TUR,steppe,false,40.677,33.497,7689,200502,0.62,0.75,false,TUR-ANKARA;TUR-BOLU;TUR-CORUM;TUR-KARABUK;TUR-KASTAMONU;TUR-KIRIKKALE,
TUR-CORUM,Çorum,TUR,TUR,steppe,false,40.561,34.652,12532,521306,0.62,0.75,false,TUR-AMASYA;TUR-CANKIRI;TUR-KASTAMONU;TUR-KIRIKKALE;TUR-SAMSUN;TUR-SINOP;TUR-YOZGAT,
TUR-DENIZLI,Denizli,TUR,TUR,hills,false,37.751,29.249,11132,1062663,0.68,0.95,false,TUR-AFYONKARAHISAR;TUR-AYDIN;TUR-BURDUR;TUR-MANISA;TUR-MUGLA;TUR-USAK,
TUR-DIYARBAKIR,Diyarbakır,TUR,TUR,steppe,false,38.087,40.341,15121,1824572,0.65,0.55,false,TUR-ADIYAMAN;TUR-BATMAN;TUR-BINGOL;TUR-ELAZIG;TUR-MALATYA;TUR-MARDIN;TUR-MUS;TUR-SANLIURFA,
TUR-EDIRNE,Edirne,TUR,TUR,plains,true,41.143,26.572,5375,421055,0.62,0.95,false,TUR-CANAKKALE;TUR-KIRKLARELI;TUR-TEKIRDAG,
TUR-ELAZIG,Elazığ,TUR,TUR,hills,false,38.600,39.205,9318,601507,0.70,0.75,false,TUR-BINGOL;TUR-DIYARBAKIR;TUR-ERZINCAN;TUR-MALATYA;TUR-TUNCELI,
TUR-ERZINCAN,Erzincan,TUR,TUR,mountains,false,39.738,39.043,11328,240603,0.62,0.80,false,TUR-BAYBURT;TUR-BINGOL;TUR-ELAZIG;TUR-ERZURUM;TUR-GIRESUN;TUR-GUMUSHANE;TUR-MALATYA;TUR-SIVAS;TUR-TUNCELI,
TUR-ERZURUM,Erzurum,TUR,TUR,mountains,false,40.022,41.550,23832,751884,0.70,0.60,false,TUR-AGRI;TUR-ARDAHAN;TUR-ARTVIN;TUR-BAYBURT;TUR-BINGOL;TUR-ERZINCAN;TUR-KARS;TUR-MUS;TUR-RIZE,
TUR-ESKISEHIR,Eskişehir,TUR,TUR,steppe,false,39.635,31.082,13745,922311,0.90,1.05,false,TUR-AFYONKARAHISAR;TUR-ANKARA;TUR-BILECIK;TUR-BOLU;TUR-KONYA;TUR-KUTAHYA,
TUR-GAZIANTEP,Gaziantep,TUR,TUR,steppe,false,37.069,37.429,7335,2185476,0.85,0.80,false,TUR-ADIYAMAN;TUR-HATAY;TUR-KAHRAMANMARAS;TUR-KILIS;TUR-OSMANIYE;TUR-SANLIURFA,
TUR-GIRESUN,Giresun,TUR,TUR,forest,true,40.585,38.539,6771,451130,0.62,0.70,false,TUR-ERZINCAN;TUR-GUMUSHANE;TUR-ORDU;TUR-SIVAS;TUR-TRABZON,
TUR-GUMUSHANE,Gümüşhane,TUR,TUR,mountains,false,40.310,39.380,6326,140352,0.62,0.70,false,TUR-BAYBURT;TUR-ERZINCAN;TUR-GIRESUN;TUR-TRABZON,
TUR-HAKKARI,Hakkâri,TUR,TUR,mountains,false,37.572,44.127,7483,290729,0.62,0.45,false,TUR-SIRNAK;TUR-VAN,
TUR-HATAY,Hatay,TUR,TUR,hills,true,36.360,36.192,5591,1543869,0.65,0.70,false,TUR-ADANA;TUR-GAZIANTEP;TUR-OSMANIYE,
TUR-ISPARTA,Isparta,TUR,TUR,mountains,false,37.938,30.961,8787,451130,0.62,0.80,false,TUR-AFYONKARAHISAR;TUR-ANTALYA;TUR-BURDUR;TUR-KONYA,
TUR-MERSIN,Mersin,TUR,TUR,mountains,true,36.687,33.839,15322,1954899,0.80,0.85,false,TUR-ADANA;TUR-ANTALYA;TUR-KARAMAN;TUR-KONYA;TUR-NIGDE,
TUR-ISTANBUL,Istanbul,TUR,TUR,urban,true,41.242,28.460,4812,15739441,0.99,1.55,false,TUR-KIRKLARELI;TUR-KOCAELI;TUR-TEKIRDAG,TUR-YALOVA
TUR-IZMIR,İzmir,TUR,TUR,hills,true,38.295,27.399,12918,4501279,0.92,1.20,false,TUR-AYDIN;TUR-BALIKESIR;TUR-MANISA,
TUR-KARS,Kars,TUR,TUR,mountains,false,40.433,43.102,10522,270678,0.62,0.50,false,TUR-AGRI;TUR-ARDAHAN;TUR-ERZURUM;TUR-IGDIR,
TUR-KASTAMONU,Kastamonu,TUR,TUR,forest,true,41.505,33.677,13141,390980,0.62,0.80,false,TUR-BARTIN;TUR-CANKIRI;TUR-CORUM;TUR-KARABUK;TUR-SINOP,
TUR-KAYSERI,Kayseri,TUR,TUR,steppe,false,38.706,35.770,17568,1453643,0.80,0.85,false,TUR-ADANA;TUR-KAHRAMANMARAS;TUR-NEVSEHIR;TUR-NIGDE;TUR-SIVAS;TUR-YOZGAT,
TUR-KIRKLARELI,Kırklareli,TUR,TUR,plains,true,41.641,27.399,6894,380955,0.62,1.10,false,TUR-EDIRNE;TUR-ISTANBUL;TUR-TEKIRDAG,
TUR-KIRSEHIR,Kırşehir,TUR,TUR,steppe,false,39.328,34.149,6380,245615,0.62,0.70,false,TUR-AKSARAY;TUR-ANKARA;TUR-KIRIKKALE;TUR-NEVSEHIR;TUR-YOZGAT,
TUR-KOCAELI,Kocaeli,TUR,TUR,hills,true,40.931,30.017,3993,2135351,0.86,1.60,false,TUR-BURSA;TUR-ISTANBUL;TUR-SAKARYA;TUR-YALOVA,
TUR-KONYA,Konya,TUR,TUR,steppe,false,38.046,32.537,40327,2335853,0.75,0.80,false,TUR-AFYONKARAHISAR;TUR-AKSARAY;TUR-ANKARA;TUR-ANTALYA;TUR-ESKISEHIR;TUR-ISPARTA;TUR-KARAMAN;TUR-MERSIN;TUR-NIGDE,
TUR-KUTAHYA,Kütahya,TUR,TUR,hills,false,39.263,29.574,12079,581457,0.62,0.85,false,TUR-AFYONKARAHISAR;TUR-BALIKESIR;TUR-BILECIK;TUR-BURSA;TUR-ESKISEHIR;TUR-MANISA;TUR-USAK,
TUR-MALATYA,Malatya,TUR,TUR,mountains,false,38.567,38.002,11849,751884,0.70,0.70,false,TUR-ADIYAMAN;TUR-DIYARBAKIR;TUR-ELAZIG;TUR-ERZINCAN;TUR-KAHRAMANMARAS;TUR-SIVAS,
TUR-MANISA,Manisa,TUR,TUR,hills,false,38.703,28.297,12951,1483718,0.60,0.95,false,TUR-AYDIN;TUR-BALIKESIR;TUR-DENIZLI;TUR-IZMIR;TUR-KUTAHYA;TUR-USAK,
TUR-KAHRAMANMARAS,Kahramanmaraş,TUR,TUR,mountains,false,37.931,36.978,14463,1122814,0.65,0.70,false,TUR-ADANA;TUR-ADIYAMAN;TUR-GAZIANTEP;TUR-KAYSERI;TUR-MALATYA;TUR-OSMANIYE;TUR-SIVAS,
TUR-MARDIN,Mardin,TUR,TUR,steppe,false,37.411,40.915,10114,892236,0.62,0.55,false,TUR-BATMAN;TUR-DIYARBAKIR;TUR-SANLIURFA;TUR-SIRNAK,
TUR-MUGLA,Muğla,TUR,TUR,hills,true,37.092,28.556,12881,1072688,0.55,1.05,false,TUR-ANTALYA;TUR-AYDIN;TUR-BURDUR;TUR-DENIZLI,
TUR-MUS,Muş,TUR,TUR,mountains,false,38.895,41.693,7762,401005,0.62,0.40,false,TUR-AGRI;TUR-BATMAN;TUR-BINGOL;TUR-BITLIS;TUR-DIYARBAKIR;TUR-ERZURUM,
TUR-NEVSEHIR,Nevşehir,TUR,TUR,steppe,false,38.792,34.680,5304,320804,0.62,0.75,false,TUR-AKSARAY;TUR-KAYSERI;TUR-KIRSEHIR;TUR-NIGDE;TUR-YOZGAT,
TUR-NIGDE,Niğde,TUR,TUR,steppe,false,37.978,34.672,6666,370929,0.62,0.75,false,TUR-ADANA;TUR-AKSARAY;TUR-KAYSERI;TUR-KONYA;TUR-MERSIN;TUR-NEVSEHIR,
TUR-ORDU,Ordu,TUR,TUR,forest,true,40.805,37.657,5873,771934,0.62,0.65,false,TUR-GIRESUN;TUR-SAMSUN;TUR-SIVAS;TUR-TOKAT,
TUR-RIZE,Rize,TUR,TUR,mountains,true,40.935,40.845,3782,345867,0.62,0.85,false,TUR-ARTVIN;TUR-ERZURUM;TUR-TRABZON,
TUR-SAKARYA,Sakarya,TUR,TUR,plains,true,40.722,30.502,4261,1102763,0.60,0.90,false,TUR-BILECIK;TUR-BOLU;TUR-BURSA;TUR-DUZCE;TUR-KOCAELI,
TUR-SAMSUN,Samsun,TUR,TUR,plains,true,41.197,35.947,9477,1383467,0.65,0.80,false,TUR-AMASYA;TUR-CORUM;TUR-ORDU;TUR-SINOP;TUR-TOKAT,
TUR-SIIRT,Siirt,TUR,TUR,mountains,false,37.916,42.100,6476,330829,0.62,0.50,false,TUR-BATMAN;TUR-BITLIS;TUR-SIRNAK;TUR-VAN,
TUR-SINOP,Sinop,TUR,TUR,forest,true,41.628,34.881,6230,225565,0.62,0.70,false,TUR-CORUM;TUR-KASTAMONU;TUR-SAMSUN,
TUR-SIVAS,Sivas,TUR,TUR,steppe,false,39.586,37.347,28152,641608,0.62,0.70,false,TUR-ERZINCAN;TUR-GIRESUN;TUR-KAHRAMANMARAS;TUR-KAYSERI;TUR-MALATYA;TUR-ORDU;TUR-TOKAT;TUR-YOZGAT,
TUR-TEKIRDAG,Tekirdağ,TUR,TUR,plains,true,41.035,27.186,7000,1182964,0.70,1.10,false,TUR-CANAKKALE;TUR-EDIRNE;TUR-ISTANBUL;TUR-KIRKLARELI,
TUR-TOKAT,Tokat,TUR,TUR,hills,false,40.424,36.607,9423,601507,0.62,0.65,false,TUR-AMASYA;TUR-ORDU;TUR-SAMSUN;TUR-SIVAS;TUR-YOZGAT,
TUR-TRABZON,Trabzon,TUR,TUR,mountains,true,40.815,39.601,5011,822060,0.62,0.80,false,TUR-BAYBURT;TUR-GIRESUN;TUR-GUMUSHANE;TUR-RIZE,
TUR-TUNCELI,Tunceli,TUR,TUR,mountains,false,39.173,39.482,7913,90226,0.62,0.75,false,TUR-BINGOL;TUR-ELAZIG;TUR-ERZINCAN,
TUR-SANLIURFA,Şanlıurfa,TUR,TUR,steppe,false,37.221,39.200,19971,2245627,0.55,0.45,false,TUR-ADIYAMAN;TUR-DIYARBAKIR;TUR-GAZIANTEP;TUR-MARDIN,
TUR-USAK,Uşak,TUR,TUR,hills,false,38.509,29.369,4455,380955,0.62,0.85,false,TUR-AFYONKARAHISAR;TUR-DENIZLI;TUR-KUTAHYA;TUR-MANISA,
TUR-VAN,Van,TUR,TUR,mountains,false,38.501,43.626,19503,1132839,0.55,0.40,false,TUR-AGRI;TUR-BITLIS;TUR-HAKKARI;TUR-SIIRT;TUR-SIRNAK,
TUR-YOZGAT,Yozgat,TUR,TUR,steppe,false,39.634,35.278,13783,421055,0.62,0.65,false,TUR-AMASYA;TUR-CORUM;TUR-KAYSERI;TUR-KIRIKKALE;TUR-KIRSEHIR;TUR-NEVSEHIR;TUR-SIVAS;TUR-TOKAT,
TUR-ZONGULDAK,Zonguldak,TUR,TUR,forest,true,41.265,31.884,3267,591482,0.62,0.85,false,TUR-BARTIN;TUR-BOLU;TUR-DUZCE;TUR-KARABUK,
TUR-AKSARAY,Aksaray,TUR,TUR,steppe,false,38.379,33.862,7771,441105,0.62,0.75,false,TUR-ANKARA;TUR-KIRSEHIR;TUR-KONYA;TUR-NEVSEHIR;TUR-NIGDE,
TUR-BAYBURT,Bayburt,TUR,TUR,mountains,false,40.280,40.223,3545,85214,0.62,0.70,false,TUR-ERZINCAN;TUR-ERZURUM;TUR-GUMUSHANE;TUR-TRABZON,
TUR-KARAMAN,Karaman,TUR,TUR,steppe,false,37.177,33.175,9004,265666,0.62,0.85,false,TUR-ANTALYA;TUR-KONYA;TUR-MERSIN,
TUR-KIRIKKALE,Kırıkkale,TUR,TUR,steppe,false,39.785,33.669,4671,280703,0.62,0.75,false,TUR-ANKARA;TUR-CANKIRI;TUR-CORUM;TUR-KIRSEHIR;TUR-YOZGAT,
TUR-BATMAN,Batman,TUR,TUR,steppe,false,38.247,41.410,4124,651633,0.62,0.50,false,TUR-BITLIS;TUR-DIYARBAKIR;TUR-MARDIN;TUR-MUS;TUR-SIIRT,
TUR-SIRNAK,Şırnak,TUR,TUR,mountains,false,37.452,42.521,6422,571432,0.62,0.50,false,TUR-HAKKARI;TUR-MARDIN;TUR-SIIRT;TUR-VAN,
TUR-BARTIN,Bartın,TUR,TUR,forest,true,41.603,32.520,2107,205515,0.62,0.75,false,TUR-KARABUK;TUR-KASTAMONU;TUR-ZONGULDAK,
TUR-ARDAHAN,Ardahan,TUR,TUR,mountains,false,41.141,42.782,5140,90226,0.62,0.55,false,TUR-ARTVIN;TUR-ERZURUM;TUR-KARS,
TUR-IGDIR,Iğdır,TUR,TUR,plains,false,39.831,43.997,3997,205515,0.62,0.50,false,TUR-AGRI;TUR-KARS,
TUR-YALOVA,Yalova,TUR,TUR,hills,true,40.593,29.200,688,310779,0.75,1.10,false,TUR-BURSA;TUR-KOCAELI,TUR-ISTANBUL
TUR-KARABUK,Karabük,TUR,TUR,forest,false,41.170,32.650,3969,255641,0.62,0.90,false,TUR-BARTIN;TUR-BOLU;TUR-CANKIRI;TUR-KASTAMONU;TUR-ZONGULDAK,
TUR-KILIS,Kilis,TUR,TUR,steppe,false,36.791,37.080,1355,155389,0.62,0.55,false,TUR-GAZIANTEP,
TUR-OSMANIYE,Osmaniye,TUR,TUR,hills,false,37.180,36.283,2916,561407,0.70,0.65,false,TUR-ADANA;TUR-GAZIANTEP;TUR-HATAY;TUR-KAHRAMANMARAS,
TUR-DUZCE,Düzce,TUR,TUR,forest,true,40.911,31.272,2574,411030,0.62,0.80,false,TUR-BOLU;TUR-SAKARYA;TUR-ZONGULDAK,
